tag,threshold,F1,F2 (beta=2),Precision,Recall (sens.),Specificity,NPV,G-Mean,Accuracy,Balanced Acc,MCC,Cohen kappa,PR-AUC,ROC-AUC,Log loss,Brier,TP,FP,FN,TN
threshold=0.5,0.5,0.7547169811320755,0.6779661016949152,0.9302325581395349,0.6349206349206349,0.9999284641247586,0.9994518197201897,0.79679057180498,0.9993809523809524,0.8174245495226967,0.7682507986854444,0.7544181126087408,0.7423770310685516,0.9779408341537249,0.00354522597717414,0.0005717438757190335,40,3,23,41934
threshold=0.3601 (optimal),0.3601000905036926,0.7636363636363637,0.7023411371237458,0.8936170212765957,0.6666666666666666,0.9998807735412643,0.9994994398493552,0.8164479054788755,0.9993809523809524,0.8332737201039655,0.7715597779634892,0.7633329995721789,0.7423770310685516,0.9779408341537249,0.00354522597717414,0.0005717438757190335,42,5,21,41932
