tag,threshold,F1,F2 (beta=2),Precision,Recall (sens.),Specificity,NPV,G-Mean,Accuracy,Balanced Acc,MCC,Cohen kappa,PR-AUC,ROC-AUC,Log loss,Brier,TP,FP,FN,TN
threshold=0.5,0.5,0.6617647058823529,0.6923076923076923,0.6164383561643836,0.7142857142857143,0.99933233183108,0.9995706823765116,0.8448720663217428,0.9989047619047619,0.8568090230583971,0.6630197330953571,0.6612191691031882,0.7102581728095134,0.9758802981494161,0.0048009478792461315,0.000998385999818753,45,28,18,41909
threshold=0.9950 (optimal),0.9949511289596558,0.7254901960784313,0.6357388316151202,0.9487179487179487,0.5873015873015873,0.9999523094165057,0.9993803770167536,0.7663377705334651,0.9993333333333333,0.7936269483590466,0.7461731945464162,0.7251749555863098,0.7102581728095134,0.9758802981494161,0.0048009478792461315,0.000998385999818753,37,2,26,41935
